name|email
Elliott Eaton|pede.ultrices@nascetur.com
Lucius Sullivan|Pellentesque.tincidunt@magnisdisparturient.org
Declan Byers|commodo.tincidunt@tortoratrisus.co.uk
Brendan Cote|orci@at.edu
Nicholas Payne|tellus.faucibus.leo@auctor.com
Louis Roberson|est@egestasAliquam.ca
Seth Johnson|ut.lacus.Nulla@lacusQuisque.com
Lewis Dyer|amet.faucibus.ut@nostraperinceptos.org
Hedley Santiago|arcu.Vivamus.sit@Quisquepurus.org
Fletcher Skinner|Phasellus.dolor.elit@magna.org
Justin Daniels|at.augue.id@est.org
Colt Schultz|Nullam@egetlacusMauris.com
Omar Cunningham|Pellentesque@gravidaAliquamtincidunt.ca
Dale Salinas|neque@metusVivamus.com
Preston Haynes|Quisque.fringilla@pellentesquetellussem.org
Troy Aguilar|interdum.feugiat.Sed@lorem.ca
Caldwell Cleveland|Pellentesque.habitant.morbi@enimcommodo.net
Slade Joseph|vulputate.posuere.vulputate@NuncmaurisMorbi.co.uk
Caleb Haynes|convallis@sodales.edu
Kato Mcmahon|ipsum@tellus.org
Ray Herman|nonummy.ultricies@nonummy.ca
Declan Johnston|Nam.nulla.magna@felis.org
Mohammad Woodard|fringilla@nisi.edu
Jerome Fulton|dignissim.tempor.arcu@tinciduntdui.net
Gareth Doyle|Sed.nulla@euturpisNulla.edu
Quinn Gutierrez|vitae@egestasnunc.edu
Vernon Lamb|dolor.dolor.tempus@nonantebibendum.ca
Cody Edwards|montes@non.edu
Alexander Weeks|scelerisque@hendrerit.edu
Barrett Osborn|vitae.erat@leoMorbi.org
Nicholas Reeves|dignissim.magna@imperdietnonvestibulum.ca
Thane Glenn|nisi@ligulaDonec.ca
Reese Barrett|dis.parturient.montes@Vestibulumut.net
Stone Hyde|tempor.est@elit.edu
Elmo Riddle|dignissim@eu.com
Jamal Hester|vel.lectus@liberomauris.ca
Thaddeus Hartman|pretium@dictumaugue.ca
Armand Kelly|rutrum.magna@Proinegetodio.ca
Baxter Luna|suscipit.est@Nullam.net
Fletcher Barrett|gravida.non.sollicitudin@etmagnis.co.uk
Solomon Strickland|Vivamus.nisi.Mauris@semper.co.uk
Ivor Dunlap|enim.Etiam@euplacerateget.net
Darius Figueroa|parturient@consectetuercursuset.co.uk
Daniel Stark|est.Mauris@seddolor.ca
Dolan Pena|eget.varius@euismod.net
David Elliott|enim@dolor.edu
Hunter Frost|dolor.sit@necmollis.com
Ashton Strickland|orci.Ut@Lorem.net
Gage Dillon|sed.sem.egestas@orciconsectetuer.ca
Prescott Obrien|libero.nec@ornare.co.uk
Fritz Berry|elit.Aliquam@Namacnulla.com
Hector Woodard|et@Proindolor.ca
Alec Aguilar|egestas.nunc@quam.net
Anthony Rollins|malesuada.vel.venenatis@ipsum.edu
Mannix Jimenez|massa.Mauris.vestibulum@estNuncullamcorper.org
Alan Cardenas|Sed.eget@nibh.ca
Troy Prince|Phasellus.libero@pellentesque.ca
Macon Nixon|enim@nonummy.com
Gareth Guerra|sem@ornaresagittisfelis.ca
Gabriel Knight|quam.vel@adipiscingligula.com
Forrest Shaw|vitae.purus.gravida@ligula.ca
Ahmed Rowland|magnis@nonummyipsum.com
Chase Mathews|ut.nisi@gravidanuncsed.edu
Joshua Zimmerman|eu@Nam.ca
Noble Mccarty|est@etrisusQuisque.com
Isaac Solis|eget@turpisnec.com
Ulric Castillo|Sed.pharetra@variuseteuismod.net
Timothy Skinner|Suspendisse.aliquet.sem@fringilla.net
Dale Scott|mauris@disparturient.net
Jin Hartman|risus.a.ultricies@egetvolutpatornare.com
Curran Ewing|egestas@orciin.ca
Edward Richard|odio.vel.est@arcu.net
Tate Chang|purus@metus.com
Adam Mckenzie|elit.pellentesque@mi.ca
Macaulay Maynard|suscipit@Donec.com
Thomas Franklin|sociosqu.ad.litora@vulputateeuodio.com
Ian Santiago|eu.metus@augue.co.uk
Alexander Franks|amet.risus.Donec@ipsum.org
Isaiah Velez|nec.mollis@risusquisdiam.org
Damian Gibson|enim.Etiam@velitSed.net
Quamar Albert|Donec.felis.orci@inmolestie.edu
Colt Lynch|nonummy.ultricies@massarutrum.co.uk
Jonah Shaffer|erat@elitpretium.edu
Driscoll Tanner|Vivamus.non.lorem@fringilla.co.uk
Channing Berger|dui.Suspendisse.ac@duiFuscealiquam.ca
Ali Atkinson|Maecenas.malesuada.fringilla@vel.co.uk
Jared Moss|mauris.Integer.sem@arcu.edu
Curran Dotson|erat@ultricies.co.uk
Hammett Hester|arcu.Vestibulum.ante@Morbinequetellus.org
Nigel Webster|malesuada@nec.edu
Channing Jennings|magna.nec@veliteusem.edu
Harlan Walker|dapibus@Cumsociisnatoque.org
Dolan Guerra|magna.Lorem@velit.com
Nash Montgomery|nunc.sed@Mauris.com
Mufutau Powell|consequat@arcu.net
Arden Lester|interdum.Curabitur@sitamet.co.uk
Arthur Grimes|felis@ut.ca
Rahim Johns|Suspendisse@dignissim.org
Russell Guerra|hendrerit.Donec.porttitor@faucibusleo.org
Bert Graham|turpis@tinciduntaliquamarcu.org